{"min_flowpktl":0.2980142267,"min_fpktl":0.2713431524,"mean_fpktl":0.2118917548,"fAvgSegmentSize":0.2118917548,"avgPacketSize":0.1920752319,"mean_flowpktl":0.1920752319,"max_fpktl":0.0400192642,"bPktsPerSecond":0.0175356724,"fpsh_cnt":0.0116815328,"flow_psh":0.0112287093,"bpsh_cnt":0.0103490914,"max_flowpktl":0.0056686957,"std_fiat":0.0042636488,"total_fpktl":-0.0006789274,"sflow_fbytes":-0.0012011465,"std_flowiat":-0.0051245352,"min_biat":-0.0061703773,"fAvgBulkRate":-0.0073819751,"bAvgBulkRate":-0.0089509754,"fAvgPacketsPerBulk":-0.0104823082,"mean_biat":-0.0137035234,"total_biat":-0.0156543428,"max_biat":-0.0160614199,"sflow_fpacket":-0.0167117272,"sflow_bbytes":-0.0167296931,"sflow_bpacket":-0.0169875527,"bAvgPacketsPerBulk":-0.0178568973,"FFNEPD":-0.0182996691,"fHeaderBytes":-0.0183551677,"total_fhlen":-0.0183551677,"total_fpackets":-0.0183766211,"Act_data_pkt_forward":-0.0183909277,"flowBytesPerSecond":-0.0193649291,"total_bpackets":-0.0194298779,"total_bhlen":-0.0194298779,"flow_ack":-0.0195260992,"RRT_samples_clnt":-0.0196786291,"total_bpktl":-0.019837516,"std_biat":-0.0202054118,"fAvgBytesPerBulk":-0.0223325019,"std_idle":-0.0227904053,"std_active":-0.0230537855,"min_bpktl":-0.0270319395,"bAvgBytesPerBulk":-0.0270601649,"flowPktsPerSecond":-0.0274638211,"fPktsPerSecond":-0.0300816757,"downUpRatio":-0.0402733334,"bVarianceDataBytes":-0.0560864225,"flow_rst":-0.0587147704,"mean_bpktl":-0.0647527813,"bAvgSegmentSize":-0.0647545344,"total_fiat":-0.0647699314,"max_fiat":-0.0648750399,"min_idle":-0.0658039566,"min_active":-0.0660006975,"mean_idle":-0.0663479029,"mean_active":-0.0665516515,"max_idle":-0.0669653627,"max_flowiat":-0.0669921032,"duration":-0.0670661696,"max_active":-0.0671783462,"Init_Win_bytes_backward":-0.0694050653,"mean_fiat":-0.0713971481,"mean_flowiat":-0.0725492568,"std_bpktl":-0.072952926,"max_bpktl":-0.0732117123,"min_flowiat":-0.074452335,"min_fiat":-0.0744907972,"flow_syn":-0.1150440983,"std_flowpktl":-0.1193751475,"std_fpktl":-0.1237576877,"Init_Win_bytes_forward":-0.1294252341,"min_seg_size_forward":-0.2583516438,"flow_fin":-0.286175031,"furg_cnt":null,"burg_cnt":null,"flow_urg":null,"flow_cwr":null,"flow_ece":null}