{"Init_Win_bytes_forward":0.1458655908,"flow_fin":0.0322691051,"Init_Win_bytes_backward":0.031383503,"max_flowiat":0.0308355933,"mean_flowiat":0.0305305648,"duration":0.0295286273,"flowBytesPerSecond":0.0294088295,"flowPktsPerSecond":0.0281195937,"fPktsPerSecond":0.0257997013,"min_flowpktl":0.0249923133,"total_fpktl":0.0232480191,"mean_flowpktl":0.0228285545,"max_fpktl":0.0225438931,"avgPacketSize":0.0223642269,"min_flowiat":0.0215122941,"max_fiat":0.0203360292,"mean_fpktl":0.0203076501,"fAvgSegmentSize":0.0197705582,"mean_fiat":0.0193894197,"min_fpktl":0.0186526846}