{"columns":["Init_Win_bytes_forward","flow_fin","Init_Win_bytes_backward","max_flowiat","mean_flowiat","duration","flowBytesPerSecond","flowPktsPerSecond","fPktsPerSecond","min_flowpktl"],"index":[70202,533912,143491,573654,146829,156897,585024,143858,233724,49204],"data":[[0,0,-1,-1,0.0,0,0.0,0.0,0.0,408],[4194240,1,1718208,181941,25532.79167,612787,20951.81523,40.79721012,21.21454926,52],[0,0,-1,-1,0.0,0,0.0,0.0,0.0,408],[4194240,1,1718208,2995882,527292.8333000001,3163757,606.8734103,2.212559308,1.264319605,52],[90176,1,-1,241623,241623.0,241623,430.4226005,8.277357702,8.277357702,52],[88832,2,-1,1916501,1916501.0,1916501,54.26556,1.043568462,1.043568462,52],[105856,0,32448,59913640,20000000.0,59915769,28.12281355,0.066760388,0.050070291,52],[0,0,-1,-1,0.0,0,0.0,0.0,0.0,436],[0,0,-1,-1,0.0,0,0.0,0.0,0.0,408],[0,0,-1,-1,0.0,0,0.0,0.0,0.0,420]]}